phase 1,phase 2 with buffer size 100
1.7452239990234376e-06,1.5616416931152344e-05
