phase 1,phase 2 with buffer size 100
1.0267573984424073e-06,1.239776611328125e-05
